<?xml version="1.0" encoding="UTF-8" standalone="yes"?>
<manifest>
  <control namespace="PCFControls" constructor="wsioAutoSuggest" version="0.0.4" display-name-key="wsioAutoSuggest" description-key="Auto Suggest PCF Control" control-type="standard" api-version="1.3.15">
    <external-service-usage enabled="false"/>
    <property name="wsioTable" display-name-key="tableValue" description-key="Target Table" of-type="SingleLine.Text" usage="input" required="true"/>
    <property name="wsioColumn" display-name-key="columnValue" description-key="Target Column" of-type="SingleLine.Text" usage="input" required="true"/>
    <property name="selectedValue" display-name-key="selectedValue" description-key="Selected Option" of-type="SingleLine.Text" usage="bound" required="true"/>
    <resources>
      <code path="bundle.js" order="1"/>
      <css path="css/Autocomplete.css" order="1"/>
    </resources>
    <feature-usage>
      <uses-feature name="WebAPI" required="true"/>
    </feature-usage>
    <built-by name="pac" version="1.34.3"/>
  </control>
</manifest>