﻿<?xml version="1.0" encoding="utf-8"?>
<ImportExportXml version="9.1.0.643" SolutionPackageVersion="9.1" languagecode="1033" generatedBy="CrmLive" xmlns:xsi="http://www.w3.org/2001/XMLSchema-instance">
  <SolutionManifest>
    <UniqueName>finalautocomplete</UniqueName>
    <LocalizedNames>
      <LocalizedName description="Final Autocomplete Solution" languagecode="1033" />
    </LocalizedNames>
    <Descriptions>
      <Description description="A solution containing the wsioAutoSuggest PCF control for auto-suggest functionality." languagecode="1033" />
    </Descriptions>
    <Version>1.0.0.0</Version>
    <Managed>1</Managed>
    <Publisher>
      <UniqueName>ChrisGetsios</UniqueName>
      <LocalizedNames>
        <LocalizedName description="ChrisGetsios" languagecode="1033" />
      </LocalizedNames>
      <Descriptions>
        <Description description="Publisher for wsioAutoSuggest PCF Control" languagecode="1033" />
      </Descriptions>
      <CustomizationPrefix>cg</CustomizationPrefix>
      <CustomizationOptionValuePrefix>87897</CustomizationOptionValuePrefix>
      <Addresses>
        <Address>
          <AddressNumber>1</AddressNumber>
          <AddressTypeCode>1</AddressTypeCode>
          <ShippingMethodCode>1</ShippingMethodCode>
        </Address>
      </Addresses>
    </Publisher>
    <RootComponents>
      <RootComponent type="61" schemaName="wsioAutoSuggest" behavior="0" />
    </RootComponents>
    <MissingDependencies />
  </SolutionManifest>
</ImportExportXml>